Model,ROUGE-1,Inference Time,Model Size,TOPSIS Score,Rank
BLOOM-560m,0.48,0.78,3.1,0.8519238720113897,1
DialoGPT-medium,0.45,0.67,4.2,0.7194535341329337,2
OPT-1.3b,0.5,1.03,7.5,0.1827002446240992,3
